Label,# Samples,Average,Median,90% Line,95% Line,99% Line,Min,Max,Error %,Throughput,Received KB/sec,Std. Dev.
Launch RStudio Pro Session 1,1,17.672,17.672,17.672,17.672,17.672,17.672,17.672,0.0,0.057,615.978,0.0
Launch RStudio Pro Session 2,1,17.324,17.324,17.324,17.324,17.324,17.324,17.324,0.0,0.058,499.519,0.0
Launch RStudio Pro Session 3,1,19.292,19.292,19.292,19.292,19.292,19.292,19.292,0.0,0.052,412.393,0.0
Launch RStudio Pro Session 4,1,26.409,26.409,26.409,26.409,26.409,26.409,26.409,0.0,0.038,381.592,0.0
Launch RStudio Pro Session 5,1,13.134,13.134,13.134,13.134,13.134,13.134,13.134,0.0,0.076,756.064,0.0
Launch RStudio Pro Session 6,1,15.506,15.506,15.506,15.506,15.506,15.506,15.506,0.0,0.064,634.83,0.0
Launch RStudio Pro Session 7,1,24.729,24.729,24.729,24.729,24.729,24.729,24.729,0.0,0.04,326.207,0.0
Launch RStudio Pro Session 8,1,20.572,20.572,20.572,20.572,20.572,20.572,20.572,0.0,0.049,489.998,0.0
Launch RStudio Pro Session 9,1,15.697,15.697,15.697,15.697,15.697,15.697,15.697,0.0,0.064,578.923,0.0
Launch RStudio Pro Session 10,1,17.365,17.365,17.365,17.365,17.365,17.365,17.365,0.0,0.058,577.965,0.0
TOTAL,10,18.77,17.365,24.729,26.409,26.409,13.134,26.409,0.0,0.064,602.666,3.931
